Oleg,James,0440975118
Glenna,Sebastian,0976426438
Armand,Price,0740738920
Oren,Tarik,0227607529
Nash,Orson,0780036998
Aiko,Sydnee,0842044934
Whitney,Colin,0840433321
Gisela,Clinton,0442809219
Sara,Nero,0589819569
Nell,Cassady,0303246444
Channing,Tashya,0901039599
Jordan,Kermit,0689756505
Brianna,Vielka,0484888851
Blake,Kimberley,0129419932
Diana,Macaulay,0664990146
Diana,Macaulay,0664990177
Cairo,Inga,0198022046
Martina,Ezra,0282839256
Patrick,Linus,0036831258
Bruno,Chastity,0175579837
Maggie,Deirdre,0415645463
Imogene,Marsden,0521358125
Ainsley,Aileen,0030022815
Wang,Branden,0592810834
Brendan,Karly,0095028431
Sonya,Kamal,0775801288
Amaya,Debra,0183509349
Sebastian,Astra,0935036673
Levi,Hasad,0142865236
Finn,Molly,0095725310
Lars,Georgia,0772833288
Fletcher,Anika,0285914021
Lionel,Stuart,0554505425
Fulton,Chaim,0572285900
Damon,Walter,0159025677
Quincy,Abel,0417448195
Blaine,William,0597506826
Amery,Harding,0660594314
Damon,Calvin,0236931283
Marvin,Mohammad,0084725445
MacKensie,Brody,0916846472
Meredith,Brock,0680914714
Claire,Dane,0098665550
Shafira,Piper,0562734134
Vincent,Geraldine,0539755440
Lawrence,Chadwick,0358578798
Venus,Jenna,0452453997
Hector,Imelda,0536668412
Jada,Samson,0648485219
Quail,Shad,0745683746
Avram,Jane,0178207463
Ivana,Signe,0628646826
Ishmael,Leslie,0669920422
Dean,Cora,0321543287
Nelle,Colin,0372580063
Wynne,Callie,0971811150
Kennan,Clark,0799300740
Malachi,Curran,0895941057
Keegan,Vielka,0178489251
Rylee,Sheila,0306210887
Jolie,Adara,0061889729
Sopoline,Kalia,0974410278
Rafael,August,0600944292
Janna,Baker,0820958199
Gloria,Richard,0340595214
Selma,Julian,0195738222
Joseph,Allen,0693032722
Forrest,Castor,0385010838
Lisandra,Rinah,0858732625
Carson,Tatyana,0587689513
TaShya,Karyn,0444885702
Amanda,Darius,0776146912
Rebecca,Mikayla,0134123834
Rigel,Duncan,0269133564
Melvin,Rhoda,0268666994
Gisela,Sopoline,0457455277
Guinevere,Noelani,0847026025
Hollee,Dane,0519400565
Graiden,Chiquita,0323515836
Kirk,Ingrid,0324137335
Felicia,Dai,0370555916
Josiah,Justine,0762880359
Xyla,Madaline,0739680539
Roary,Whoopi,0209494541
Brian,Solomon,0742236325
George,Orlando,0669234994
Jesse,Hu,0668976012
Igor,Charity,0342928650
Omar,Kermit,0597031688
Maisie,Orson,0833642331
Rinah,Rina,0991110955
Dustin,Tanner,0923190602
Candace,Brenden,0226878664
Ethan,Unity,0444392964
Joy,Norman,0271497841
Rhoda,Lael,0918028513
Sylvia,Phelan,0023832399
Celeste,Audra,0278452203
Dora,Dora,0951090121
Anjolie,Quynn,0663523784
Tad,Galvin,0005098215
Tad,Galvin,0007798215
Tad,Galvin,0005044215